{
  "overall_oof_pre": {
    "wape": 0.12252644036363322,
    "smape": 0.4050997645856912,
    "bias": 0.07364243695226826,
    "rows": 13860
  },
  "overall_oof_post": {
    "wape": 0.10246324773588114,
    "smape": 0.3945764006208121,
    "bias": -1.2633210958279246e-16,
    "rows": 13860,
    "debias_factor_oof": 0.9314087871178826
  }
}