{
  "cv_avg": {
    "wape": 0.12381067320174077,
    "smape": 0.4050997645856913,
    "bias": 0.07559840381273646,
    "occ_auc": 0.9922994627145019
  },
  "by_class": [
    {
      "class": "A",
      "wape": 0.8240981875726535,
      "smape": 1.600703721247678,
      "bias": -0.7882474118879742
    },
    {
      "class": "B",
      "wape": 0.8226695651083111,
      "smape": 1.5983665434577712,
      "bias": -0.7922887586688523
    },
    {
      "class": "C",
      "wape": 0.8260552139773937,
      "smape": 1.5572530082178606,
      "bias": -0.7806747885216289
    }
  ]
}